CustomerID,Genre,Age,Annual Income (k$),Spending Score (1-100),cluster,KMeans_Cluster,Hierarchical_Cluster,DBSCAN_Cluster,GMM_Cluster,PC1,PC2
1,Male,19,15,39,4,4,4,0,4,-0.615720019,-1.763480878
2,Male,21,15,81,2,2,3,0,2,-1.665792713,-1.820746951
3,Female,20,16,6,4,4,4,0,4,0.337861909,-1.674798937
4,Female,23,16,77,2,2,3,0,2,-1.456573255,-1.77242992
5,Female,31,17,40,4,4,4,0,4,-0.038465208,-1.662740122
6,Female,22,17,76,2,2,3,0,2,-1.48168526,-1.735001735
7,Female,35,18,6,4,4,4,0,4,1.094616653,-1.566102302
8,Female,23,18,94,2,2,3,0,2,-1.926307359,-1.721110487
9,Male,64,19,3,4,4,4,0,4,2.645177858,-1.460847205
10,Female,30,19,72,2,2,3,0,2,-0.970130513,-1.635581083
11,Male,67,19,14,4,4,4,0,4,2.495688609,-1.470489137
12,Female,35,19,99,2,2,3,0,2,-1.456882561,-1.664360498
13,Female,58,20,15,4,4,4,0,4,2.010187292,-1.453298972
14,Female,24,20,77,2,2,3,0,2,-1.413210723,-1.61776746
15,Male,37,20,13,4,4,4,0,4,1.000429646,-1.495791764
16,Male,22,20,79,2,2,3,0,2,-1.569431699,-1.625026692
17,Female,35,21,35,4,4,4,0,4,0.294060318,-1.494255847
18,Male,20,21,66,2,2,3,0,2,-1.316249244,-1.572163828
19,Male,52,23,29,4,4,4,0,4,1.316699099,-1.372434044
20,Female,35,23,98,2,2,3,0,2,-1.436798987,-1.510394687
21,Male,35,24,35,4,4,4,0,4,0.288561175,-1.379881351
22,Male,25,24,73,2,2,3,0,2,-1.260185131,-1.457239065
23,Female,46,25,5,4,4,4,0,4,1.666843033,-1.273967548
24,Male,31,25,73,2,2,3,0,2,-0.957849842,-1.406135444
25,Female,54,28,14,4,4,4,0,4,1.820159784,-1.155486359
26,Male,29,28,82,2,2,3,0,2,-1.311480318,-1.309285569
27,Female,45,28,32,4,4,4,0,4,0.870423506,-1.201351257
28,Male,35,28,61,2,2,3,0,2,-0.431580912,-1.265510612
29,Female,40,29,31,4,4,4,0,4,0.64253261,-1.172575598
30,Female,23,29,87,2,2,3,0,2,-1.754560528,-1.291471946
31,Male,60,30,4,4,4,4,0,4,2.394819677,-1.051593064
32,Female,21,30,73,2,2,3,0,2,-1.473962308,-1.237142599
33,Male,53,33,4,4,4,4,0,4,2.034457475,-0.952360489
34,Male,18,33,92,2,2,3,0,2,-2.152445158,-1.157120697
35,Female,49,33,14,4,4,4,0,4,1.557520932,-0.975677856
36,Female,21,33,81,2,2,3,0,2,-1.698787573,-1.134499977
37,Female,42,34,17,4,4,4,0,4,1.11857753,-0.957094397
38,Female,30,34,73,2,2,3,0,2,-1.025041995,-1.065175088
39,Female,36,37,26,4,4,4,0,4,0.562168164,-0.868897047
40,Female,20,37,75,2,2,3,0,2,-1.592319895,-0.975364875
41,Female,65,38,35,4,4,4,0,4,1.783740186,-0.781239761
42,Male,24,38,92,2,2,3,0,2,-1.857442061,-0.953517749
43,Male,48,39,36,4,4,4,0,4,0.892681088,-0.781354648
44,Female,31,39,61,0,0,1,0,0,-0.654523328,-0.854789987
45,Female,49,39,28,4,4,4,0,4,1.162701933,-0.767459643
46,Female,24,39,65,2,2,1,0,0,-1.119049448,-0.875797844
47,Female,50,40,55,0,0,1,0,0,0.471337946,-0.766766753
48,Female,27,40,47,0,0,1,0,0,-0.475314553,-0.804786902
49,Female,29,40,42,0,0,1,0,0,-0.236846282,-0.793128219
50,Female,31,40,42,0,0,1,0,0,-0.135456836,-0.788801956
51,Female,49,42,52,0,0,1,0,0,0.499224424,-0.688280768
52,Male,33,42,60,0,0,1,0,0,-0.531217261,-0.734622744
53,Female,31,43,54,0,0,1,0,0,-0.469945162,-0.69202527
54,Male,59,43,60,0,0,1,0,0,0.785012481,-0.640256495
55,Female,50,43,45,0,0,1,0,0,0.739996455,-0.637727415
56,Male,47,43,41,0,0,1,0,0,0.697575348,-0.638350873
57,Female,51,44,50,0,0,1,0,0,0.651779304,-0.604771873
58,Male,69,44,46,0,0,1,0,0,1.673947373,-0.55996957
59,Female,27,46,51,0,0,1,0,0,-0.595975901,-0.581903848
60,Male,53,46,46,0,0,1,0,0,0.859165715,-0.518330009
61,Male,70,46,56,0,0,1,0,0,1.446818348,-0.496221617
62,Male,19,46,55,0,0,1,0,0,-1.111196743,-0.605074836
63,Female,67,47,52,0,0,1,0,0,1.402564193,-0.458720242
64,Female,54,47,59,0,0,1,0,0,0.551622442,-0.49710634
65,Male,63,48,51,0,0,1,0,0,1.22536802,-0.427781452
66,Male,18,48,59,0,0,1,0,0,-1.275220622,-0.53685424
67,Female,43,48,50,0,0,1,0,0,0.238889332,-0.469577597
68,Female,68,48,48,0,0,1,0,0,1.561088929,-0.412566342
69,Male,19,48,59,0,0,1,0,0,-1.224525899,-0.534691109
70,Female,32,48,47,0,0,1,0,0,-0.236505322,-0.48897259
71,Male,70,49,55,0,0,1,0,0,1.46873497,-0.380380637
72,Female,47,49,42,0,0,1,0,0,0.659161297,-0.411068365
73,Female,60,50,49,0,0,1,0,0,1.124449287,-0.355088214
74,Female,60,50,56,0,0,1,0,0,0.93253893,-0.365353603
75,Male,59,54,47,0,0,1,0,0,1.121253904,-0.201819049
76,Male,26,54,54,0,0,1,0,0,-0.743582301,-0.283467776
77,Female,45,54,53,0,0,1,0,0,0.247033195,-0.240901795
78,Male,40,54,48,0,0,1,0,0,0.130638408,-0.244385031
79,Female,23,54,52,0,0,1,0,0,-0.840834938,-0.287024202
80,Female,49,54,42,0,0,1,0,0,0.751385503,-0.216117943
81,Male,57,54,51,0,0,1,0,0,0.910201397,-0.212011249
82,Male,38,54,55,0,0,1,0,0,-0.162661394,-0.258976683
83,Male,67,54,41,0,0,1,0,0,1.691306276,-0.175715093
84,Female,46,54,44,0,0,1,0,0,0.544469805,-0.225540306
85,Female,21,54,57,0,0,1,0,0,-1.07930321,-0.298682886
86,Male,48,54,46,0,0,1,0,0,0.59102772,-0.224147011
87,Female,55,57,58,0,0,1,0,0,0.611402452,-0.112228405
88,Female,22,57,55,0,0,1,0,0,-0.9792761,-0.17921229
89,Female,34,58,60,0,0,1,0,0,-0.509851302,-0.122462302
90,Female,50,58,46,0,0,1,0,0,0.685084974,-0.067321421
91,Female,68,59,55,0,0,1,0,0,1.349015047,-0.00345858
92,Male,18,59,41,0,0,1,0,0,-0.801900373,-0.091084374
93,Male,48,60,49,0,0,1,0,0,0.497782137,0.000202528
94,Female,40,60,40,0,0,1,0,0,0.338966243,-0.003904166
95,Female,32,60,42,0,0,1,0,0,-0.121423069,-0.024142186
96,Male,24,60,52,0,0,1,0,0,-0.801138502,-0.056112079
97,Female,47,60,47,0,0,1,0,0,0.501918945,0.000972365
98,Female,27,60,50,0,0,1,0,0,-0.594222804,-0.046689717
99,Male,48,61,42,0,0,1,0,0,0.687859446,0.048592749
100,Male,20,61,49,0,0,1,0,0,-0.923503145,-0.022240321
101,Female,23,62,41,0,0,1,0,0,-0.553925903,0.034105779
102,Female,49,62,48,0,0,1,0,0,0.57222653,0.080081807
103,Male,67,62,59,0,0,1,0,0,1.18315812,0.102886847
104,Male,26,62,55,0,0,1,0,0,-0.785662448,0.020064395
105,Male,49,62,56,0,0,1,0,0,0.352900408,0.068349934
106,Female,21,62,42,0,0,1,0,0,-0.682731113,0.028313032
107,Female,66,63,50,0,0,1,0,0,1.377372237,0.152046905
108,Male,54,63,46,0,0,1,0,0,0.878698626,0.131955265
109,Male,68,63,43,0,0,1,0,0,1.670672039,0.166638557
110,Male,66,63,48,0,0,1,0,0,1.432203767,0.154979874
111,Male,65,63,52,0,0,1,0,0,1.271845984,0.146950806
112,Female,19,63,54,0,0,1,0,0,-1.114942789,0.044513791
113,Female,38,64,42,0,0,1,0,0,0.175413076,0.14133593
114,Male,19,64,46,0,0,1,0,0,-0.897449715,0.094370496
115,Female,18,65,48,0,0,1,0,0,-1.004809016,0.127399228
116,Female,19,65,50,0,0,1,0,0,-1.008945824,0.126629391
117,Female,63,65,43,0,0,1,0,0,1.41353233,0.232072564
118,Female,49,65,59,0,0,1,0,0,0.265153969,0.178324977
119,Female,51,67,43,0,0,1,0,0,0.801529563,0.282364651
120,Female,50,67,57,0,0,1,0,0,0.367014127,0.259670741
121,Male,27,67,56,0,0,1,0,0,-0.771548729,0.211385202
122,Female,38,67,40,0,0,1,0,0,0.224745464,0.258643394
123,Female,40,69,58,0,0,1,0,0,-0.171014961,0.312822606
124,Male,39,69,91,1,1,2,1,1,-1.126429936,0.262265497
125,Female,23,70,29,3,3,1,0,3,-0.239601102,0.356702245
126,Female,31,70,77,1,1,2,1,1,-1.150000052,0.303616056
127,Male,43,71,35,0,0,1,0,0,0.607965712,0.4292908
128,Male,40,71,95,1,1,2,1,1,-1.18906437,0.334812355
129,Male,59,71,11,3,3,0,0,3,2.07705964,0.499096524
130,Male,38,71,75,1,1,2,1,1,-0.74213851,0.359815776
131,Male,47,71,9,3,3,0,0,3,1.523554499,0.476071915
132,Male,39,71,75,1,1,2,1,1,-0.691443788,0.361978907
133,Female,25,72,34,0,0,1,0,0,-0.278956578,0.42994575
134,Female,31,72,71,1,1,2,1,1,-0.989171556,0.388664624
135,Male,20,73,5,3,3,0,0,3,0.260793952,0.499782966
136,Female,29,73,88,1,1,2,1,1,-1.558462058,0.397532962
137,Female,44,73,7,3,3,0,0,3,1.422635766,0.548765152
138,Male,32,73,73,1,1,2,1,1,-0.995141411,0.426019619
139,Male,19,74,10,3,3,0,0,3,0.071187356,0.528412246
140,Female,35,74,72,1,1,2,1,1,-0.817474526,0.47210033
141,Female,57,75,5,3,3,0,0,3,2.132832595,0.656068493
142,Male,32,75,93,1,1,2,1,1,-1.547122812,0.4729396
143,Female,28,76,40,0,0,1,0,0,-0.298699193,0.580135567
144,Female,32,76,87,1,1,2,1,1,-1.384461268,0.519863337
145,Male,25,77,12,3,3,0,0,3,0.315025018,0.652832562
146,Male,28,77,97,1,1,2,1,1,-1.863230859,0.534670801
147,Male,48,77,36,3,3,1,0,0,0.823025274,0.667388965
148,Female,32,77,74,1,1,2,1,1,-1.029889368,0.577052463
149,Female,34,78,22,3,3,0,0,3,0.495286822,0.695760735
150,Male,34,78,90,1,1,2,1,1,-1.368985214,0.596039811
151,Male,43,78,17,3,3,0,0,3,1.088618152,0.722561339
152,Male,39,78,88,1,1,2,1,1,-1.06068007,0.609788436
153,Female,44,78,20,3,3,0,0,3,1.057065579,0.720325018
154,Female,38,78,76,1,1,2,1,1,-0.78238561,0.625223115
155,Female,47,78,16,3,3,0,0,3,1.318812808,0.732680349
156,Female,27,78,89,1,1,2,1,1,-1.696432507,0.582364375
157,Male,37,78,1,3,3,0,0,3,1.22310206,0.733046297
158,Female,30,78,78,1,1,2,1,1,-1.242774922,0.604985095
159,Male,34,78,1,3,3,0,0,3,1.071017892,0.726556903
160,Female,30,78,73,1,1,2,1,1,-1.105696096,0.612317516
161,Female,56,79,35,3,3,1,0,0,1.252332725,0.762410164
162,Female,29,79,83,1,1,2,1,1,-1.432381518,0.633614375
163,Male,19,81,5,3,3,0,0,3,0.195434848,0.80261849
164,Female,31,81,93,1,1,2,1,1,-1.608815821,0.69952546
165,Male,50,85,26,3,3,0,0,3,1.183907989,0.991378725
166,Female,36,85,75,1,1,2,1,1,-0.869190624,0.88923716
167,Male,42,86,20,3,3,0,0,3,0.941011752,1.02099741
168,Female,33,86,95,1,1,2,1,1,-1.571423145,0.891542914
169,Female,36,87,27,3,3,0,0,3,0.443100011,1.035878064
170,Male,32,87,63,1,1,2,1,1,-0.746646428,0.974432108
171,Male,40,87,13,3,3,0,0,3,1.029699615,1.065061368
172,Male,28,87,75,1,1,2,1,1,-1.278414501,0.948181772
173,Male,36,87,10,3,3,0,0,3,0.90916802,1.060808295
174,Male,36,87,92,1,1,2,1,1,-1.338924729,0.940556593
175,Female,52,88,13,3,3,0,0,3,1.63620324,1.129143778
176,Female,30,88,86,1,1,2,1,1,-1.480431521,0.974501541
177,Male,58,88,15,3,3,0,0,3,1.885540045,1.139189598
178,Male,27,88,69,1,1,2,1,1,-1.16644768,0.992942378
179,Male,59,93,14,3,3,0,0,3,1.954485294,1.333443373
180,Male,35,93,90,1,1,2,1,1,-1.345786207,1.170075421
181,Female,37,97,32,3,3,0,0,3,0.33838543,1.411957094
182,Female,32,97,86,1,1,2,1,1,-1.395539505,1.321951291
183,Male,46,98,15,3,3,0,0,3,1.258872896,1.49448034
184,Female,29,98,88,1,1,2,1,1,-1.604288252,1.35065376
185,Female,41,99,39,3,3,0,0,3,0.345587869,1.486593894
186,Male,30,99,97,1,1,2,1,1,-1.802168464,1.377743366
187,Female,54,101,24,3,3,0,0,3,1.412189647,1.61296153
188,Male,28,101,68,1,1,2,1,1,-1.112166813,1.492194808
189,Female,41,103,17,3,3,0,0,3,0.941402513,1.671355874
190,Female,36,103,85,1,1,2,1,1,-1.176343136,1.560819293
191,Female,34,103,23,3,3,0,0,3,0.422044863,1.647415049
192,Female,32,103,69,1,1,2,-1,1,-0.940469783,1.575630514
193,Male,33,113,8,3,3,0,-1,3,0.764256141,2.048497499
194,Female,38,113,91,1,1,2,1,1,-1.257778759,1.93759497
195,Female,47,120,16,3,3,0,-1,3,1.241824803,2.333923289
196,Female,35,120,79,1,1,2,-1,1,-1.093705079,2.215577209
197,Female,45,126,28,3,3,0,-1,3,0.800447888,2.540748208
198,Male,32,126,74,1,1,2,-1,1,-1.119708707,2.445169227
199,Male,32,137,18,3,3,0,-1,3,0.395410621,2.946665492
200,Male,30,137,83,1,1,2,-1,1,-1.488003565,2.847017757
